{
  "EmbeddingSize": 384,
  "RiverBankCentroid": [
    0.5113925,
    0.38206163,
    -0.67604494,
    -0.535361,
    -0.17313161,
    -0.27081996,
    0.21785894,
    -0.06409134,
    0.091637634,
    -0.2321525,
    -0.31914592,
    -0.57748234,
    -0.5120145,
    -0.22499704,
    -0.03387639,
    0.11918892,
    -0.0060049905,
    -0.032880668,
    0.8715482,
    0.6533688,
    0.17427072,
    -0.23287687,
    -0.44622993,
    -0.32071325,
    0.25150672,
    0.10357042,
    -0.20598061,
    -0.05613488,
    -1.1029017,
    -0.34141716,
    -0.23664725,
    0.019097736,
    -0.55080307,
    -0.6858209,
    0.8082218,
    0.04749524,
    0.46396822,
    0.7903425,
    0.5281867,
    -0.6140691,
    -0.2898079,
    -0.23955175,
    0.60202134,
    -0.3098591,
    0.3526385,
    0.15313295,
    0.08531162,
    0.24428983,
    -0.34984022,
    0.33749408,
    1.200167,
    -0.59264946,
    0.2163331,
    -0.13559106,
    -0.29829192,
    0.4874521,
    0.0888373,
    -0.20176873,
    0.36167637,
    -0.13362733,
    0.16657755,
    0.46518627,
    0.5341929,
    -0.45901966,
    0.6384052,
    0.117755964,
    -0.037021555,
    0.4911131,
    0.10919303,
    -0.3292683,
    0.16471662,
    -0.79027456,
    -0.5694609,
    -0.9512499,
    0.16673057,
    0.021812439,
    0.52154094,
    0.57523394,
    0.18241778,
    -0.2480427,
    -0.10581964,
    -1.595904,
    -0.016813282,
    -0.26488438,
    -0.65155715,
    0.50071055,
    -0.5003494,
    -0.28376812,
    -0.0343099,
    -0.049676903,
    0.5990151,
    -0.031083351,
    -0.0036582735,
    -0.80511034,
    0.72872317,
    -0.46727037,
    -0.36089298,
    -0.26209635,
    0.40838876,
    0.15556586,
    1.1755042,
    0.7128027,
    1.3237538,
    0.83171254,
    0.6508233,
    0.17528123,
    0.3187855,
    0.11418501,
    0.1409616,
    -0.97070205,
    0.41009846,
    -0.028055761,
    0.7390005,
    0.17618942,
    -0.07729374,
    -0.22027726,
    -0.71703345,
    -0.08072145,
    0.014505377,
    0.87073934,
    0.47738487,
    1.0705491,
    -0.8479943,
    -0.24770722,
    -0.6450992,
    0.4794495,
    -0.11512034,
    1.378758E-32,
    -0.40303364,
    0.21213062,
    0.16739789,
    -1.0188556,
    0.59270346,
    0.008731749,
    -0.6840846,
    -0.20524462,
    -0.54745066,
    0.8745637,
    0.08847268,
    -1.7055877,
    0.073739395,
    -0.05427424,
    -0.79716873,
    0.0693445,
    -0.6357239,
    -0.1030485,
    0.58343905,
    0.7090364,
    -0.10207943,
    -0.71998924,
    -0.21166845,
    -0.2641567,
    0.20611128,
    -0.53049266,
    -0.10522322,
    -0.18049198,
    0.14265612,
    0.14729425,
    -0.9959305,
    -0.7038883,
    0.41413683,
    -0.13726681,
    0.20356755,
    0.10095912,
    0.5570437,
    -0.0063049262,
    0.25480762,
    -0.12878244,
    0.13002343,
    -0.22381938,
    0.15722829,
    0.7875604,
    0.09540464,
    0.63827616,
    -0.29365134,
    0.2341423,
    -0.562774,
    0.21463779,
    -0.36697322,
    -0.1439645,
    -1.4652971,
    -0.17605144,
    0.12480494,
    -0.6962168,
    -0.27314475,
    0.19510761,
    -0.2188681,
    -0.19238506,
    0.16606352,
    0.7694376,
    -1.3396792,
    -0.24619289,
    -0.4435814,
    0.15666823,
    0.19783881,
    0.3031662,
    -0.24821624,
    -0.20908304,
    -0.6008007,
    0.30478615,
    0.40326804,
    1.1144702,
    -0.5915164,
    0.14215204,
    0.080278814,
    0.008745389,
    0.20261757,
    0.25615332,
    0.46816587,
    -0.041524246,
    0.31180835,
    0.7719049,
    -0.1819284,
    0.250212,
    0.41128263,
    -1.1569331,
    0.24981968,
    -0.59257245,
    -0.604213,
    -0.13677055,
    0.28192344,
    0.042898558,
    0.2573371,
    -1.2038257E-32,
    0.6794473,
    -0.6023067,
    0.7372962,
    -0.10291604,
    -0.79416645,
    0.19285414,
    0.49446696,
    -0.4915658,
    0.12101038,
    0.25576082,
    -0.48587927,
    0.72977626,
    0.16177177,
    -0.03731719,
    0.7282936,
    -0.038220894,
    0.04083892,
    0.43206745,
    -0.2148999,
    0.25188676,
    0.08139912,
    0.46473065,
    0.86599714,
    0.10919783,
    -0.20828637,
    0.4403534,
    -0.2099204,
    -1.0716971,
    0.6496219,
    0.1427351,
    -0.13124129,
    -0.38031894,
    0.43934876,
    -0.06665631,
    -0.41505608,
    -0.3627879,
    0.36168027,
    -0.65936506,
    0.04533778,
    0.37698188,
    0.381867,
    0.30894858,
    -0.4531046,
    -0.77574825,
    -0.12882194,
    0.3993097,
    0.37399822,
    0.27490842,
    -0.14518705,
    -0.19842455,
    0.022291802,
    -0.024792163,
    0.08089675,
    0.518818,
    -0.64083177,
    0.62619406,
    2.5225873,
    -0.08982847,
    0.57341295,
    0.051564194,
    -0.8845981,
    0.13427575,
    0.458982,
    -0.039259784,
    0.31078672,
    0.12549666,
    -0.32440108,
    0.6997771,
    0.008778179,
    -0.3580498,
    -0.27915722,
    0.17867397,
    -0.7063847,
    1.2810527,
    0.16679975,
    0.5243138,
    -0.21709034,
    -0.56910753,
    -0.16870931,
    -0.16397603,
    -0.36725146,
    0.21512744,
    0.24030843,
    0.31183234,
    0.82776976,
    -0.6795367,
    0.048587475,
    -0.98522604,
    0.33522683,
    -0.5146234,
    0.08778818,
    -0.3829641,
    0.12866443,
    0.75895596,
    -0.5045963,
    -9.389264E-08,
    -0.40117592,
    -0.023408484,
    -0.22246704,
    -0.09618748,
    0.37157804,
    -0.6925289,
    0.6626187,
    -0.039464947,
    -0.49799877,
    0.4335865,
    0.19315696,
    0.28165755,
    -1.2181474,
    -0.08831089,
    -0.4057048,
    0.2084836,
    -0.2010256,
    -0.7389008,
    -0.10499308,
    0.15366556,
    0.020656236,
    -0.045233443,
    -0.36036825,
    0.2065093,
    -0.3542227,
    -0.5980911,
    0.39900628,
    1.7626435,
    0.87218505,
    -1.1716136,
    0.16377085,
    0.7282277,
    0.107984625,
    -0.07435362,
    0.8937602,
    -0.38197485,
    0.4715787,
    0.4113577,
    0.03323863,
    1.3403707,
    -0.33132148,
    -0.71269643,
    -0.36890215,
    -0.89776194,
    1.1318581,
    -0.1301445,
    -0.22962669,
    0.21453664,
    0.3268569,
    -0.66806185,
    -0.03060084,
    -0.057575215,
    0.82685363,
    0.4522094,
    0.65468884,
    -0.25200787,
    -0.55613405,
    -0.39943174,
    0.28103378,
    -0.28233156,
    0.058172274,
    -0.017754337,
    0.7039039,
    -2.107563
  ],